Variables,BCC-CSM1-1,CAETE,GISS-E2-H-CC,MRI-CGCM3
Evapotranspiration,0.460052694613,0.634551982226,0.496569977153,0.6454743089
Surface Runoff ,0.5145463391,0.617724081198,0.601680083963,0.618982768957
Soil Moisture,0.442145228125,0.596966951105,0.449934794542,0.517060389004
